{
	"pattrstorage" : 	{
		"name" : "p-preset",
		"slots" : 		{
			"1" : 			{
				"id" : 1,
				"data" : 				{
					"myfunction" : [ 1000.0008544921875, 0.0, 1.000800013542175, 281.843060141506442, 0.195339091698011, 0, 424.236415917934607, 0.62591576660976, 0, 820.461405904517278, 0.288436751138389, 0, "linear" ],
					"myknob[1]" : [ 14 ],
					"myknob[2]" : [ 50 ],
					"myknob[3]" : [ 71 ],
					"myslider" : [ 0.107349375722543 ]
				}

			}
,
			"2" : 			{
				"id" : 2,
				"data" : 				{
					"myfunction" : [ 1000.0008544921875, 0.0, 1.000800013542175, 77.539549679674721, 0.486269277449192, 0, 498.52860154041889, 0.753925048340279, 0, 1000.0008544921875, 0.0, 0, "linear" ],
					"myknob[1]" : [ 114 ],
					"myknob[2]" : [ 63 ],
					"myknob[3]" : [ 21 ],
					"myslider" : [ -0.366639063583815 ]
				}

			}

		}

	}

}
