{
	"pattrstorage" : 	{
		"name" : "helpmultislider",
		"slots" : 		{
			"1" : 			{
				"id" : 1,
				"data" : 				{
					"bbdmi.multislider::Chans" : [ 4 ],
					"bbdmi.multislider::Multislider" : [ 0.243238804861903, 0.952424225397408, 0.263163256924599, 0.143806957639754 ],
					"bbdmi.multislider::Mode" : [ 0 ]
				}

			}
,
			"2" : 			{
				"id" : 2,
				"data" : 				{
					"bbdmi.multislider::Chans" : [ 4 ],
					"bbdmi.multislider::Multislider" : [ 0.134909688029438, 0.197831443045288, 0.885420792736113, 0.615926332306117 ],
					"bbdmi.multislider::Mode" : [ 0 ]
				}

			}

		}

	}

}
