{
	"pattrstorage" : 	{
		"name" : "p-preset",
		"slots" : 		{
			"1" : 			{
				"id" : 1,
				"data" : 				{
					"myfunction" : [ 1000.0008544921875, 0.0, 1.000800013542175, 170.404781707780074, 0.300073958568436, 0, 517.101647946039975, 0.753925048340279, 0, 857.607498715759448, 0.2418879214182, 0, "linear" ],
					"myknob[1]" : [ 110 ],
					"myknob[2]" : [ 26 ],
					"myknob[3]" : [ 0 ],
					"myslider" : [ 0.431048797687861 ]
				}

			}
,
			"2" : 			{
				"id" : 2,
				"data" : 				{
					"myfunction" : [ 1000.0008544921875, 0.0, 1.000800013542175, 102.303611553836163, 0.823748292920563, 0, 492.337586071878548, 0.090604224827586, 0, 962.854761680945444, 0.870297122640752, 0, "linear" ],
					"myknob[1]" : [ 9 ],
					"myknob[2]" : [ 70 ],
					"myknob[3]" : [ 108 ],
					"myslider" : [ -0.436003225433526 ]
				}

			}

		}

	}

}
